scenario,seed,method,estimate,se,true_att,covered,pre_trend,pre_trend_se
main,100,DiD,3.163837257738816,0.4481789591998793,2.7417418036109464,True,-0.9737886497474701,0.37373799146959125
main,100,IPSW (boosted),2.9360645378691066,0.5300689074878776,2.7417418036109464,True,-0.9737886497474701,0.37373799146959125
main,100,DoubleML DiD,2.9939622974093902,0.5163985080029844,2.7417418036109464,True,-0.9737886497474701,0.37373799146959125
main,101,DiD,2.696837571772973,0.35856896909939673,2.7151481336576926,True,-0.7294958020200347,0.34110013528720806
main,101,IPSW (boosted),3.2683369959935575,0.464992518128446,2.7151481336576926,True,-0.7294958020200347,0.34110013528720806
main,101,DoubleML DiD,3.288533259089048,0.4482510586193875,2.7151481336576926,True,-0.7294958020200347,0.34110013528720806
main,102,DiD,3.243177928913018,0.3889298279915924,2.7711251089805997,True,0.17690521220418676,0.3810505719465206
main,102,IPSW (boosted),2.9370853947720534,0.48808249514867824,2.7711251089805997,True,0.17690521220418676,0.3810505719465206
main,102,DoubleML DiD,2.8852562205595884,0.4737950230877385,2.7711251089805997,True,0.17690521220418676,0.3810505719465206
main,103,DiD,3.2341805868567257,0.37857661890884514,2.771303193045204,True,0.3427763577690426,0.37768550289949837
main,103,IPSW (boosted),3.173535123793844,0.46942027297674827,2.771303193045204,True,0.3427763577690426,0.37768550289949837
main,103,DoubleML DiD,3.1839748304919313,0.4604097317685432,2.771303193045204,True,0.3427763577690426,0.37768550289949837
main,104,DiD,2.835888994125194,0.38294555227173105,2.8084774281171083,True,-0.2948284043197521,0.3626098938495207
main,104,IPSW (boosted),2.887500878200991,0.4744913519918073,2.8084774281171083,True,-0.2948284043197521,0.3626098938495207
main,104,DoubleML DiD,2.8447881400572745,0.4580134969823342,2.8084774281171083,True,-0.2948284043197521,0.3626098938495207
main,105,DiD,2.597039815878822,0.3672520337685866,2.7644694359162787,True,-0.28371984023183966,0.3577121230458582
main,105,IPSW (boosted),2.7886752094022285,0.4653718617432086,2.7644694359162787,True,-0.28371984023183966,0.3577121230458582
main,105,DoubleML DiD,2.7852137803492507,0.46334010992822966,2.7644694359162787,True,-0.28371984023183966,0.3577121230458582
main,106,DiD,2.7067150035848115,0.4813702579048078,2.90287545402597,True,-0.5905521219225035,0.44059901675397184
main,106,IPSW (boosted),3.2571666168931115,0.5876382180956319,2.90287545402597,True,-0.5905521219225035,0.44059901675397184
main,106,DoubleML DiD,3.2586162253319473,0.5710467245577365,2.90287545402597,True,-0.5905521219225035,0.44059901675397184
main,107,DiD,3.4187648311330174,0.415171177691215,2.77925463537018,True,-0.7040805414766562,0.37687093251610904
main,107,IPSW (boosted),3.677042486183692,0.505607715233809,2.77925463537018,True,-0.7040805414766562,0.37687093251610904
main,107,DoubleML DiD,3.803253734452474,0.4873165284472021,2.77925463537018,False,-0.7040805414766562,0.37687093251610904
seasonal_shock,100,DiD,5.279060572456653,0.4345569032020006,3.1854495121548014,False,-0.9737886497474786,0.37373799146959974
seasonal_shock,100,IPSW (boosted),2.252972992261275,0.5248281631979795,3.1854495121548014,True,-0.9737886497474786,0.37373799146959974
seasonal_shock,100,DoubleML DiD,2.1906630552862416,0.5077786271409399,3.1854495121548014,True,-0.9737886497474786,0.37373799146959974
seasonal_shock,101,DiD,6.77283067326665,0.4224394753297765,3.1545520757632968,False,-0.7294958020200644,0.34110013528720734
seasonal_shock,101,IPSW (boosted),4.300501714442736,0.5196300834413013,3.1545520757632968,False,-0.7294958020200644,0.34110013528720734
seasonal_shock,101,DoubleML DiD,4.290747474044981,0.4976374683281599,3.1545520757632968,False,-0.7294958020200644,0.34110013528720734
seasonal_shock,102,DiD,6.599468261083313,0.42318219135066704,3.219588042497806,False,0.17690521220415958,0.38105057194651365
seasonal_shock,102,IPSW (boosted),3.452369123679371,0.5205428477700704,3.219588042497806,True,0.17690521220415958,0.38105057194651365
seasonal_shock,102,DoubleML DiD,3.37489507230574,0.5030399622657978,3.219588042497806,True,0.17690521220415958,0.38105057194651365
seasonal_shock,103,DiD,6.72021178309004,0.4058546927450892,3.219794946662148,False,0.3427763577690334,0.37768550289950975
seasonal_shock,103,IPSW (boosted),3.5121241727973405,0.5123018265611864,3.219794946662148,True,0.3427763577690334,0.37768550289950975
seasonal_shock,103,DoubleML DiD,3.372004334800363,0.496520372455421,3.219794946662148,True,0.3427763577690334,0.37768550289950975
seasonal_shock,104,DiD,6.163306108486139,0.4355719054150282,3.2629852459159165,False,-0.2948284043197277,0.3626098938494976
seasonal_shock,104,IPSW (boosted),2.7751373490831592,0.5379092418741903,3.2629852459159165,True,-0.2948284043197277,0.3626098938494976
seasonal_shock,104,DoubleML DiD,2.600277615875559,0.5181622578945404,3.2629852459159165,True,-0.2948284043197277,0.3626098938494976
seasonal_shock,105,DiD,7.152590891315506,0.45054228548692266,3.211855253623273,False,-0.28371984023181973,0.35771212304583816
seasonal_shock,105,IPSW (boosted),4.43329151058244,0.5469539660632152,3.211855253623273,False,-0.28371984023181973,0.35771212304583816
seasonal_shock,105,DoubleML DiD,4.566746080834905,0.5339001979437608,3.211855253623273,False,-0.28371984023181973,0.35771212304583816
seasonal_shock,106,DiD,6.835280229378464,0.4973195459782267,3.3726601048627836,False,-0.5905521219225219,0.44059901675395713
seasonal_shock,106,IPSW (boosted),4.124276214723726,0.598546967906359,3.3726601048627836,True,-0.5905521219225219,0.44059901675395713
seasonal_shock,106,DoubleML DiD,3.8491626353165738,0.590923732433185,3.3726601048627836,True,-0.5905521219225219,0.44059901675395713
seasonal_shock,107,DiD,6.283626832246566,0.42659787591523557,3.2290332046343835,False,-0.70408054147666,0.3768709325161189
seasonal_shock,107,IPSW (boosted),3.2949694945760184,0.5355623847234192,3.2290332046343835,True,-0.70408054147666,0.3768709325161189
seasonal_shock,107,DoubleML DiD,3.3847010506454103,0.5195235141642458,3.2290332046343835,True,-0.70408054147666,0.3768709325161189
latent_selection,100,DiD,5.235646757835234,0.7184167982991421,5.05537758888187,True,-0.8125326417369118,0.6853334872224708
latent_selection,100,IPSW (boosted),7.908628291723658,0.8118490780688133,5.05537758888187,False,-0.8125326417369118,0.6853334872224708
latent_selection,100,DoubleML DiD,8.091479392501606,0.8100878872645427,5.05537758888187,False,-0.8125326417369118,0.6853334872224708
latent_selection,101,DiD,4.778974542819899,0.7214716150314531,5.04829944916257,True,-0.35659674317972767,0.6929772842352233
latent_selection,101,IPSW (boosted),7.6014334267585,0.8155831293414375,5.04829944916257,False,-0.35659674317972767,0.6929772842352233
latent_selection,101,DoubleML DiD,7.6422793276658405,0.8175425760950779,5.04829944916257,False,-0.35659674317972767,0.6929772842352233
latent_selection,102,DiD,5.04966456121042,0.7263464355319492,4.940888590528003,True,0.01679852683782095,0.6787931092057845
latent_selection,102,IPSW (boosted),7.6494483034645135,0.8190158350127493,4.940888590528003,False,0.01679852683782095,0.6787931092057845
latent_selection,102,DoubleML DiD,7.312452203451782,0.8017942949034084,4.940888590528003,False,0.01679852683782095,0.6787931092057845
latent_selection,103,DiD,5.755453287547947,0.6983289337277904,5.016247790410323,True,0.4105900466294024,0.6680140101662885
latent_selection,103,IPSW (boosted),8.405637500749902,0.8012013959749533,5.016247790410323,False,0.4105900466294024,0.6680140101662885
latent_selection,103,DoubleML DiD,8.48861951276764,0.8052900075117656,5.016247790410323,False,0.4105900466294024,0.6680140101662885
latent_selection,104,DiD,6.163012608006935,0.7478544094599159,5.021434078810559,True,-0.22321173270411804,0.6440225489267347
latent_selection,104,IPSW (boosted),8.43929439642248,0.820146339353679,5.021434078810559,False,-0.22321173270411804,0.6440225489267347
latent_selection,104,DoubleML DiD,8.644926733416025,0.8179476925916678,5.021434078810559,False,-0.22321173270411804,0.6440225489267347
latent_selection,105,DiD,5.52081846242943,0.7027174567335545,5.150848157494762,True,-0.5424650241630481,0.6303280464294372
latent_selection,105,IPSW (boosted),8.256157421708071,0.8084327263875117,5.150848157494762,False,-0.5424650241630481,0.6303280464294372
latent_selection,105,DoubleML DiD,8.324843842029738,0.7982353258353664,5.150848157494762,False,-0.5424650241630481,0.6303280464294372
latent_selection,106,DiD,4.3157894451765495,0.8278763331262483,5.189636938540928,True,-0.5987550180570445,0.818586912151165
latent_selection,106,IPSW (boosted),6.696301355272559,0.9810642430524575,5.189636938540928,True,-0.5987550180570445,0.818586912151165
latent_selection,106,DoubleML DiD,6.436131513350947,0.9882029883318655,5.189636938540928,True,-0.5987550180570445,0.818586912151165
latent_selection,107,DiD,5.368279016488093,0.7044674768605843,5.042090570503613,True,-1.1316298634360162,0.6445312525993985
latent_selection,107,IPSW (boosted),8.023910658856966,0.8112559413404158,5.042090570503613,False,-1.1316298634360162,0.6445312525993985
latent_selection,107,DoubleML DiD,8.1158387987699,0.79800290449303,5.042090570503613,False,-1.1316298634360162,0.6445312525993985
